Variable,Response,DF,Estimate,StdErr,WaldChiSq,ProbChiSq,_ESTTYPE_
Intercept,1,1,2.6962,0.00331,665500.468,<.0001,MLE
Intercept,2,1,-4.2559,0.0167,64856.1840,<.0001,MLE
alder,1,1,0.0145,0.000198,5317.3239,<.0001,MLE
alder,2,1,0.0980,0.000782,16035.5206,<.0001,MLE
dummy_60_65,1,1,-0.1247,0.00630,392.0285,<.0001,MLE
dummy_60_65,2,1,1.7832,0.0125,20404.3420,<.0001,MLE
