Variable,Response,DF,Estimate,StdErr,WaldChiSq,ProbChiSq,_ESTTYPE_
Intercept,1,1,2.7931,0.00345,654202.713,<.0001,MLE
Intercept,2,1,-4.1648,0.0167,61887.6171,<.0001,MLE
alder,1,1,0.0147,0.000208,4993.9010,<.0001,MLE
alder,2,1,0.0993,0.000784,16020.6950,<.0001,MLE
dummy_60_65,1,1,-0.1334,0.00658,411.0996,<.0001,MLE
dummy_60_65,2,1,1.7743,0.0126,19736.6755,<.0001,MLE
