Variable,Response,DF,Estimate,StdErr,WaldChiSq,ProbChiSq,_ESTTYPE_
Intercept,1,1,1.5327,0.00336,208573.374,<.0001,MLE
Intercept,2,1,-4.1053,0.0207,39386.1176,<.0001,MLE
alder,1,1,0.0545,0.000518,11043.3086,<.0001,MLE
alder,2,1,-0.0296,0.00236,157.2267,<.0001,MLE
alder2,1,1,-0.00131,0.000017,5954.0636,<.0001,MLE
alder2,2,1,0.00335,0.000065,2641.3651,<.0001,MLE
dummy_60_65,1,1,0.1486,0.00560,704.2857,<.0001,MLE
dummy_60_65,2,1,1.4384,0.0146,9745.5047,<.0001,MLE
