_NAME_,hourly_salary_plsats,formue_plsats,pension_u_skat_plsats,extensive_v2
hourly_salary_plsats,4251.6480523,6400537.9159,3638096.4846,0
formue_plsats,6400537.9159,237539071594,10717446183,17610.447779
pension_u_skat_plsats,3638096.4846,10717446183,29480238197,21082.860425
extensive_v2,0,17610.447779,21082.860425,0.1381047574
